,precision,recall,f1-score,support
Baixo,0.6593059936908517,0.625748502994012,0.642089093701997,334.0
Médio,0.375,0.35240963855421686,0.36335403726708076,332.0
Alto,0.6199460916442049,0.688622754491018,0.6524822695035462,334.0
accuracy,0.556,0.556,0.556,0.556
macro avg,0.5514173617783521,0.5555936320130822,0.5526418001575413,1000.0
weighted avg,0.551770196501909,0.556,0.5530203756833223,1000.0
