,precision,recall,f1-score,support
Baixo,0.911504424778761,0.9251497005988024,0.9182763744427934,334.0
Médio,0.9,0.8674698795180723,0.8834355828220859,332.0
Alto,0.9266862170087976,0.9461077844311377,0.9362962962962963,334.0
accuracy,0.913,0.913,0.913,0.913
macro avg,0.9127302139291862,0.9129091215160042,0.9126694178537252,1000.0
weighted avg,0.9127556743570446,0.913,0.9127278855237885,1000.0
