,precision,recall,f1-score,support
Baixo,0.9131736526946108,0.9131736526946108,0.9131736526946108,334.0
Médio,0.8828828828828829,0.8855421686746988,0.8842105263157894,332.0
Alto,0.9309309309309309,0.9281437125748503,0.9295352323838081,334.0
accuracy,0.909,0.909,0.909,0.909
macro avg,0.9089958221694748,0.9089531779813865,0.9089731371314028,1000.0
weighted avg,0.9090480480480481,0.909,0.9090226623530341,1000.0
